<?xml version="1.0" encoding="utf-8"?>
<ApplicationInstallerManifest>
   <DefaultInstallationDirectory>/Applications/FRC/FRC/</DefaultInstallationDirectory>
   <ApplicationName>FRC</ApplicationName>
   <ExecutableName>application/ </ExecutableName>
   <GUID>16a76efa-61c6-4c83-a173-73acafa52076</GUID>
   <ApplicationIcon>default_icon_48.png</ApplicationIcon>
   <Logo>default_logo.png</Logo>
   <Version>1.0</Version>
   <InstallationNotes>You must have Python 2.7, 3.3, or 3.4 on your machine to install this package. Go to the directory to which setup.py and your package have been written. Then execute:

        python setup.py install [options]

For details, see the readme.txt distributed with this package.
In the following directions, replace MCR_ROOT by the directory where the MATLAB Runtime is installed on the target machine.

If the environment variable DYLD_LIBRARY_PATH is undefined, set it to the concatenation of the following strings:

    MCR_ROOT/v91/runtime/maci64:
    MCR_ROOT/v91/sys/os/maci64:
    MCR_ROOT/v91/bin/maci64

If it is defined, set it to the concatenation of these strings:

    ${LD_LIBRARY_PATH}: 
    MCR_ROOT/v91/runtime/maci64:
    MCR_ROOT/v91/sys/os/maci64:
    MCR_ROOT/v91/bin/maci64</InstallationNotes>
   <AuthorOrganization>FRC</AuthorOrganization>
   <WelcomePanelText>FRC 1.0
Anders Barth, Waldemar Schrimpf
anders.barth@gmail.com</WelcomePanelText>
   <MCRProducts>
      <MCRProduct>
         <ExternalProductIdentifier>35000</ExternalProductIdentifier>
      </MCRProduct>
      <MCRProduct>
         <ExternalProductIdentifier>35010</ExternalProductIdentifier>
      </MCRProduct>
   </MCRProducts>
</ApplicationInstallerManifest>